INSERT INTO public.book (bookid, bookname, author, editeurs, nbpage, dispo) VALUES (185, ' Non !', 'Rueda, Claudia', 'Rue du monde', 244, 3);
INSERT INTO public.book (bookid, bookname, author, editeurs, nbpage, dispo) VALUES (59, ' Lenfant quon envoie se coucher', 'Roy, Claude', 'Rue du monde', 432, 3);
INSERT INTO public.book (bookid, bookname, author, editeurs, nbpage, dispo) VALUES (236, ' Je veux mon ptit pot !', 'Ross, Tony', 'Gallimard jeunesse', 475, 3);
INSERT INTO public.book (bookid, bookname, author, editeurs, nbpage, dispo) VALUES (138, ' 100 aventures de mimi cracra', 'Rosenstiehl, Agnès', 'Seuil jeunesse', 264, 3);
INSERT INTO public.book (bookid, bookname, author, editeurs, nbpage, dispo) VALUES (106, ' La chasse à lours', 'Rosen, Michael ', 'Kaléidoscope', 270, 3);
INSERT INTO public.book (bookid, bookname, author, editeurs, nbpage, dispo) VALUES (58, ' Il faut une fleur', 'Rodari, Gianni', 'Rue du monde', 204, 3);
INSERT INTO public.book (bookid, bookname, author, editeurs, nbpage, dispo) VALUES (184, ' Trois petits pois', 'Rivoal, Marine', 'Rouergue', 188, 3);
INSERT INTO public.book (bookid, bookname, author, editeurs, nbpage, dispo) VALUES (195, ' La maison à dormir debout', 'Wood, Audrey', 'Mijade', 156, 3);
INSERT INTO public.book (bookid, bookname, author, editeurs, nbpage, dispo) VALUES (69, ' Faire', 'Wolf, Gita', 'Rue du monde', 281, 3);
INSERT INTO public.book (bookid, bookname, author, editeurs, nbpage, dispo) VALUES (248, ' Guili Lapin', 'Willems, Mo', 'Kaléidoscope', 426, 3);
INSERT INTO public.book (bookid, bookname, author, editeurs, nbpage, dispo) VALUES (247, ' Le bonnet rouge (album)', 'Weninger, Brigitte', 'Minedition', 387, 3);
INSERT INTO public.book (bookid, bookname, author, editeurs, nbpage, dispo) VALUES (68, ' Les petits bonheurs du pré', 'Weiss, Anne', 'Mila', 318, 3);
INSERT INTO public.book (bookid, bookname, author, editeurs, nbpage, dispo) VALUES (235, ' Une toute petite, petite fille', 'Rener, Raymond', 'Gallimard jeunesse', 177, 3);
INSERT INTO public.book (bookid, bookname, author, editeurs, nbpage, dispo) VALUES (57, ' Un, deux, trois… dans larbre !', 'Ravishankar, Anita', 'Actes Sud junior', 347, 3);
INSERT INTO public.book (bookid, bookname, author, editeurs, nbpage, dispo) VALUES (105, ' Le vent ma pris', 'Rascal', 'Pastel', 273, 3);
INSERT INTO public.book (bookid, bookname, author, editeurs, nbpage, dispo) VALUES (104, ' Tout en haut', 'Ramos, Mario', 'Lécole des loisirs', 468, 3);
INSERT INTO public.book (bookid, bookname, author, editeurs, nbpage, dispo) VALUES (56, ' Un ogre', 'Ramadier, Cédric', 'Lécole des loisirs', 173, 3);
INSERT INTO public.book (bookid, bookname, author, editeurs, nbpage, dispo) VALUES (16, ' Jeux de doigts, jeux de rois', 'Quinta, Philippe', 'Soc et Foc', 345, 3);
INSERT INTO public.book (bookid, bookname, author, editeurs, nbpage, dispo) VALUES (183, ' Les trois petits pourceaux', 'Promeyrat, Coline', 'Didier jeunesse', 365, 3);
INSERT INTO public.book (bookid, bookname, author, editeurs, nbpage, dispo) VALUES (15, ' Pierre et le loup (avec Cédé)', 'Prokofiev, Serge', 'Gallimard jeunesse', 328, 3);
INSERT INTO public.book (bookid, bookname, author, editeurs, nbpage, dispo) VALUES (14, ' En sortant de lécole ', 'Prévert, Jacques', 'Gallimard jeunesse', 401, 3);
INSERT INTO public.book (bookid, bookname, author, editeurs, nbpage, dispo) VALUES (182, ' Par une nuit très, très sombre', 'Prescott, Simon', 'Minedition', 100, 3);
INSERT INTO public.book (bookid, bookname, author, editeurs, nbpage, dispo) VALUES (137, ' Mon pull', 'Poussier, Audrey', 'Lécole des loisirs', 104, 3);
INSERT INTO public.book (bookid, bookname, author, editeurs, nbpage, dispo) VALUES (234, ' Pierre Lapin', 'Potter, Beatrix', 'Gallimard jeunesse', 104, 3);
INSERT INTO public.book (bookid, bookname, author, editeurs, nbpage, dispo) VALUES (55, ' Lalbum dAdèle', 'Ponti, Claude', 'Gallimard jeunesse', 325, 3);
INSERT INTO public.book (bookid, bookname, author, editeurs, nbpage, dispo) VALUES (54, ' Les contraires', 'Pittau et Gervais', 'Seuil jeunesse', 351, 3);
INSERT INTO public.book (bookid, bookname, author, editeurs, nbpage, dispo) VALUES (103, ' La maison hantée', 'Pienkowski, Jan', 'Nathan', 178, 3);
INSERT INTO public.book (bookid, bookname, author, editeurs, nbpage, dispo) VALUES (233, ' Le petit chaperon rouge ', 'Perrault, Charles ', 'Gallimard jeunesse', 499, 3);
INSERT INTO public.book (bookid, bookname, author, editeurs, nbpage, dispo) VALUES (232, ' Rendez-moi mes poux !', 'Pef', 'Gallimard jeunesse', 277, 3);
INSERT INTO public.book (bookid, bookname, author, editeurs, nbpage, dispo) VALUES (136, ' Mes petites choses', 'Park, Hyun-Jung', 'Chan-ok', 396, 3);
INSERT INTO public.book (bookid, bookname, author, editeurs, nbpage, dispo) VALUES (53, ' Alphabet', 'Pacovská, Kv?ta', 'Minedition', 369, 3);
INSERT INTO public.book (bookid, bookname, author, editeurs, nbpage, dispo) VALUES (181, ' Faites la queue !', 'Ohmura, Tomoko', 'Lécole des loisirs', 459, 3);
INSERT INTO public.book (bookid, bookname, author, editeurs, nbpage, dispo) VALUES (145, ' Bonsoir Lune2', 'Wise Brown, Margaret 2', 'Lécole des loisirs2', 471, 4);
INSERT INTO public.book (bookid, bookname, author, editeurs, nbpage, dispo) VALUES (250, ' Lours et le chat sauvage2', 'Yumoto, Kasumi2', 'Lécole des loisirs2', 4932, 92);
INSERT INTO public.book (bookid, bookname, author, editeurs, nbpage, dispo) VALUES (249, ' Drôle doiseau2', 'Yerkes, Jennifer2', 'MeMo2', 4562, 32);
INSERT INTO public.book (bookid, bookname, author, editeurs, nbpage, dispo) VALUES (112, ' Hum-Hum', 'Wegerif, Gay', 'MeMo', 472, 2);
INSERT INTO public.book (bookid, bookname, author, editeurs, nbpage, dispo) VALUES (246, ' John Brown, Rose et le chat de minuit', 'Wagner, Jenny', 'Âne bâté (Il était deux fois)', 211, 2);
INSERT INTO public.book (bookid, bookname, author, editeurs, nbpage, dispo) VALUES (193, ' Bébés chouettes', 'Wadell, Martin ', 'Kaléidoscope', 186, 2);
INSERT INTO public.book (bookid, bookname, author, editeurs, nbpage, dispo) VALUES (67, ' Pourquôôââ', 'Voutch', 'Thierry Magnier', 312, 2);
INSERT INTO public.book (bookid, bookname, author, editeurs, nbpage, dispo) VALUES (191, ' Bienvenue Tigrou !', 'Voake, Charlotte', 'Gallimard jeunesse', 264, 2);
INSERT INTO public.book (bookid, bookname, author, editeurs, nbpage, dispo) VALUES (192, ' Toujours rien ?', 'Voltz, Christian', 'Rouergue', 229, 1);
INSERT INTO public.book (bookid, bookname, author, editeurs, nbpage, dispo) VALUES (245, ' Noël chez Ernest et Célestine', 'Vincent, Gabrielle', 'Casterman', 188, 2);
INSERT INTO public.book (bookid, bookname, author, editeurs, nbpage, dispo) VALUES (144, ' Petite graine', 'Vernette, Véronique', 'Points de suspension', 491, 2);
INSERT INTO public.book (bookid, bookname, author, editeurs, nbpage, dispo) VALUES (190, ' Coffret "4 histoires dAmir"', 'Vaugelade, Anaïs', 'Lécole des loisirs', 152, 2);
INSERT INTO public.book (bookid, bookname, author, editeurs, nbpage, dispo) VALUES (244, ' Petit à petit', 'Vast, Émilie', 'MeMo', 388, 2);
INSERT INTO public.book (bookid, bookname, author, editeurs, nbpage, dispo) VALUES (243, ' Cest à moi, ça !', 'Van Zeveren, Michel', 'Lécole des loisirs', 395, 2);
INSERT INTO public.book (bookid, bookname, author, editeurs, nbpage, dispo) VALUES (242, ' Mauvais temps', 'Van Reek, Wouter', 'Bayard jeunesse', 237, 2);
INSERT INTO public.book (bookid, bookname, author, editeurs, nbpage, dispo) VALUES (143, ' Le beau ver dodu', 'Van Laan, Nancy', 'Kaléidoscope', 327, 2);
INSERT INTO public.book (bookid, bookname, author, editeurs, nbpage, dispo) VALUES (241, ' La chaussette verte de Lisette', 'Valckx, Catharina ', 'Lécole des loisirs', 131, 2);
INSERT INTO public.book (bookid, bookname, author, editeurs, nbpage, dispo) VALUES (66, ' Aujourdhui, je suis…', 'Van Hout, Mies', 'Minedition', 487, 1);
INSERT INTO public.book (bookid, bookname, author, editeurs, nbpage, dispo) VALUES (240, ' Les trois brigands', 'Ungerer, Tomi', 'Lécole des loisirs', 214, 2);
INSERT INTO public.book (bookid, bookname, author, editeurs, nbpage, dispo) VALUES (111, ' Un livre', 'Tullet, Hervé', 'Bayard jeunesse', 117, 0);
INSERT INTO public.book (bookid, bookname, author, editeurs, nbpage, dispo) VALUES (186, ' Le parapluie', 'Schubert, Ingrid et Dieter', 'Mijade', 483, 3);
INSERT INTO public.book (bookid, bookname, author, editeurs, nbpage, dispo) VALUES (188, ' Barbapapa ', 'Tison, Annette et Taylor, Talus', 'Livres du Dragon  dor', 114, 2);
INSERT INTO public.book (bookid, bookname, author, editeurs, nbpage, dispo) VALUES (110, ' À qui est ce vélo ?', 'Takabatake, Jun', 'Picquier jeunesse', 335, 2);
INSERT INTO public.book (bookid, bookname, author, editeurs, nbpage, dispo) VALUES (142, ' La tarte aux pommes de papa', 'Thompson, Lauren', 'Seuil jeunesse', 333, 3);
INSERT INTO public.book (bookid, bookname, author, editeurs, nbpage, dispo) VALUES (65, ' Comptine', 'Tardieu, Jean', 'Rue du monde', 389, 3);
INSERT INTO public.book (bookid, bookname, author, editeurs, nbpage, dispo) VALUES (239, ' La lettre du Père Noël', 'Tanno, Yukiko', 'Lécole des loisirs', 294, 3);
INSERT INTO public.book (bookid, bookname, author, editeurs, nbpage, dispo) VALUES (189, ' Le gros navet', 'Tolstoï, Alekseï', 'Flammarion - Père-Castor', 477, 1);
INSERT INTO public.book (bookid, bookname, author, editeurs, nbpage, dispo) VALUES (63, ' Les animaux ont la parole', 'Spier, Peter', 'Lécole des loisirs', 373, 3);
INSERT INTO public.book (bookid, bookname, author, editeurs, nbpage, dispo) VALUES (109, ' Drôle de pizza', 'Steig, William', 'Kaléidoscope', 348, 5);
INSERT INTO public.book (bookid, bookname, author, editeurs, nbpage, dispo) VALUES (64, ' La maison dans la nuit', 'Swanson, Susan-Marie', 'Le Genévrier', 242, 3);
INSERT INTO public.book (bookid, bookname, author, editeurs, nbpage, dispo) VALUES (141, ' Coin-Coin', 'Stehr, Frédéric', 'Lécole des loisirs', 101, 3);
INSERT INTO public.book (bookid, bookname, author, editeurs, nbpage, dispo) VALUES (140, ' Amour-caillou', 'Solotareff, Grégoire', 'Lécole des loisirs', 356, 3);
INSERT INTO public.book (bookid, bookname, author, editeurs, nbpage, dispo) VALUES (187, ' À tout petits pas', 'Simon, James', 'Gautier-Languereau', 317, 3);
INSERT INTO public.book (bookid, bookname, author, editeurs, nbpage, dispo) VALUES (17, ' Les vingt contes les plus drôles du monde', 'Sierra, Judy', 'Gallimard jeunesse', 415, 3);
INSERT INTO public.book (bookid, bookname, author, editeurs, nbpage, dispo) VALUES (238, ' Il neige', 'Shulevitz, Uri', 'Kaléidoscope', 403, 3);
INSERT INTO public.book (bookid, bookname, author, editeurs, nbpage, dispo) VALUES (108, ' À quoi ça rime ? - Laventure dun nain malin', 'Shibuya, Junko', 'Autrement jeunesse', 392, 3);
INSERT INTO public.book (bookid, bookname, author, editeurs, nbpage, dispo) VALUES (62, ' Petits', 'Serres, Alain', 'Rue du monde', 473, 3);
INSERT INTO public.book (bookid, bookname, author, editeurs, nbpage, dispo) VALUES (107, ' Maman ?', 'Sendak, Maurice', 'Lécole des loisirs', 319, 1);
INSERT INTO public.book (bookid, bookname, author, editeurs, nbpage, dispo) VALUES (60, ' Lalphabet zinzin', 'Sazonoff, Zazie', 'Mila', 340, 0);
INSERT INTO public.book (bookid, bookname, author, editeurs, nbpage, dispo) VALUES (237, ' La grande peur de Mariette et Soupir', 'Schwartz, Irène', 'Lécole des loisirs', 104, 3);
INSERT INTO public.book (bookid, bookname, author, editeurs, nbpage, dispo) VALUES (61, ' Les douze manteaux de maman', 'Sellier, Marie', 'Le baron perché', 262, 3);
INSERT INTO public.book (bookid, bookname, author, editeurs, nbpage, dispo) VALUES (231, ' Bêtes', 'Negrin, Fabian', 'Seuil jeunesse', 367, 3);
INSERT INTO public.book (bookid, bookname, author, editeurs, nbpage, dispo) VALUES (180, ' Petit chat perdu', 'Natacha', 'Flammarion - Père-Castor', 146, 3);
INSERT INTO public.book (bookid, bookname, author, editeurs, nbpage, dispo) VALUES (135, ' Ne bouge pas !', 'Nakawaki, Hatsue', 'Lécole des loisirs', 338, 3);
INSERT INTO public.book (bookid, bookname, author, editeurs, nbpage, dispo) VALUES (134, ' Il faut sauver le petit chat !', 'Nakagawa, Chihiro', 'Rue du monde', 201, 3);
INSERT INTO public.book (bookid, bookname, author, editeurs, nbpage, dispo) VALUES (102, ' Deux mains deux petits chiens', 'Nadja', 'Lécole des loisirs', 471, 3);
INSERT INTO public.book (bookid, bookname, author, editeurs, nbpage, dispo) VALUES (52, ' Bébés animaux de A à Z', 'Murphy, Chuck', 'Gautier-Languereau', 147, 3);
INSERT INTO public.book (bookid, bookname, author, editeurs, nbpage, dispo) VALUES (230, ' Boucles dOr et les trois ours', 'Muller, Gerda', 'Lécole des loisirs', 496, 3);
INSERT INTO public.book (bookid, bookname, author, editeurs, nbpage, dispo) VALUES (133, ' Pas', 'Morgenstern, Susie', 'Rouergue', 417, 3);
INSERT INTO public.book (bookid, bookname, author, editeurs, nbpage, dispo) VALUES (13, ' Les histoires des trois petits cochons racontées dans le monde', 'Morel, Fabienne et Bizouerne, Gilles (recueillies par)', 'Syros', 187, 3);
INSERT INTO public.book (bookid, bookname, author, editeurs, nbpage, dispo) VALUES (101, ' À la rencontre', 'Morel, Claudine', 'Didier jeunesse', 315, 3);
INSERT INTO public.book (bookid, bookname, author, editeurs, nbpage, dispo) VALUES (12, ' Contes ritournelles', 'Montelle, Édith', 'Gulf stream', 374, 3);
INSERT INTO public.book (bookid, bookname, author, editeurs, nbpage, dispo) VALUES (100, ' Cache Cache', 'Monsieuroff', 'Atelier du Poisson soluble', 360, 3);
INSERT INTO public.book (bookid, bookname, author, editeurs, nbpage, dispo) VALUES (179, ' La carotte géante', 'Mets, Alan', 'Lécole des loisirs', 357, 3);
INSERT INTO public.book (bookid, bookname, author, editeurs, nbpage, dispo) VALUES (229, ' Lécureuil et la première neige', 'Meschenmoser, Sebastian', 'Minedition', 325, 3);
INSERT INTO public.book (bookid, bookname, author, editeurs, nbpage, dispo) VALUES (178, ' Elmer', 'McKee, David', 'Kaléidoscope', 378, 3);
INSERT INTO public.book (bookid, bookname, author, editeurs, nbpage, dispo) VALUES (228, ' Laissez passer les canards', 'McCloskey, Robert', 'Circonflexe', 170, 3);
INSERT INTO public.book (bookid, bookname, author, editeurs, nbpage, dispo) VALUES (177, ' Il y a un cauchemar dans mon placard', 'Mayer, Mercer', 'Gallimard jeunesse', 378, 3);
INSERT INTO public.book (bookid, bookname, author, editeurs, nbpage, dispo) VALUES (51, ' Une poule', 'Maubille, Jean', 'Lécole des loisirs', 463, 3);
INSERT INTO public.book (bookid, bookname, author, editeurs, nbpage, dispo) VALUES (176, ' Le petit poussin rouge', 'Matthews, Tina', 'Circonflexe', 280, 3);
INSERT INTO public.book (bookid, bookname, author, editeurs, nbpage, dispo) VALUES (99, ' Et pourquoi pas toi ?', 'Matoso, Madalena', 'Notari', 180, 3);
INSERT INTO public.book (bookid, bookname, author, editeurs, nbpage, dispo) VALUES (175, ' Du bruit sous le lit', 'Mathis, Jean-Marc', 'Thierry Magnier', 500, 3);
INSERT INTO public.book (bookid, bookname, author, editeurs, nbpage, dispo) VALUES (174, ' À bras ! Abracadabra', 'Martha', 'Atelier du Poisson soluble', 341, 3);
INSERT INTO public.book (bookid, bookname, author, editeurs, nbpage, dispo) VALUES (98, ' Les aventures dune petite bulle rouge', 'Mari, Iela', 'Lécole des loisirs', 269, 3);
INSERT INTO public.book (bookid, bookname, author, editeurs, nbpage, dispo) VALUES (227, ' Bébé', 'Manuschkin, Fran', 'Lécole des loisirs', 372, 3);
INSERT INTO public.book (bookid, bookname, author, editeurs, nbpage, dispo) VALUES (97, ' Merci le vent', 'Manceau,  Édouard', 'Milan jeunesse', 223, 3);
INSERT INTO public.book (bookid, bookname, author, editeurs, nbpage, dispo) VALUES (11, ' Virelangues (avec Cédé)', 'Maillet, Béatrice', 'Enfance et musique', 285, 3);
INSERT INTO public.book (bookid, bookname, author, editeurs, nbpage, dispo) VALUES (50, ' Le coq qui faisait coquelicot', 'Madeléna, Arnaud', 'La joie de lire', 334, 3);
INSERT INTO public.book (bookid, bookname, author, editeurs, nbpage, dispo) VALUES (96, ' La promenade de Flaubert', 'Louchard, Antonin', 'Thierry Magnier', 305, 3);
INSERT INTO public.book (bookid, bookname, author, editeurs, nbpage, dispo) VALUES (226, ' Porculus', 'Lobel, Arnold', 'Lécole des loisirs', 130, 3);
INSERT INTO public.book (bookid, bookname, author, editeurs, nbpage, dispo) VALUES (49, ' Encore un quart dheure', 'Lison-Leroy, Françoise et Nys-Mazure, Colette', 'Esperluète', 490, 3);
INSERT INTO public.book (bookid, bookname, author, editeurs, nbpage, dispo) VALUES (173, ' Petit-Bleu et Petit-Jaune', 'Lionni, Leo', 'Lécole des loisirs', 398, 3);
INSERT INTO public.book (bookid, bookname, author, editeurs, nbpage, dispo) VALUES (172, ' La maman et le bébé terrible', 'Lindgren, Barbro', 'Mijade', 250, 3);
INSERT INTO public.book (bookid, bookname, author, editeurs, nbpage, dispo) VALUES (225, ' Poule rousse', 'Lida', 'Flammarion - Père-Castor', 121, 3);
INSERT INTO public.book (bookid, bookname, author, editeurs, nbpage, dispo) VALUES (224, ' En attendant maman', 'Lee Tae-Jun', 'Didier jeunesse', 449, 3);
INSERT INTO public.book (bookid, bookname, author, editeurs, nbpage, dispo) VALUES (132, ' La boîte des papas 3 ', 'Le Saux, Alain', 'Lécole des loisirs', 210, 3);
INSERT INTO public.book (bookid, bookname, author, editeurs, nbpage, dispo) VALUES (48, ' Un Bois', 'Le Bec, Gwendal', 'Albin Michel jeunesse', 398, 3);
INSERT INTO public.book (bookid, bookname, author, editeurs, nbpage, dispo) VALUES (47, ' Qui suis-je ?', 'Lanchais, Aurélie', 'Seuil jeunesse', 456, 3);
INSERT INTO public.book (bookid, bookname, author, editeurs, nbpage, dispo) VALUES (95, ' Cest comme ça chez moi', 'Laffon, Martine', 'Thierry Magnier', 464, 3);
INSERT INTO public.book (bookid, bookname, author, editeurs, nbpage, dispo) VALUES (46, ' Un ours comme ci, un ours comme ça', 'Krolak, Agata', 'Rue du monde', 225, 3);
INSERT INTO public.book (bookid, bookname, author, editeurs, nbpage, dispo) VALUES (223, ' Anton et la feuille', 'Könnecke, Ole', 'Lécole des loisirs', 181, 3);
INSERT INTO public.book (bookid, bookname, author, editeurs, nbpage, dispo) VALUES (222, ' Toc, toc, toc', 'Koide, Tan', 'Lécole des loisirs', 368, 3);
INSERT INTO public.book (bookid, bookname, author, editeurs, nbpage, dispo) VALUES (171, ' À la sieste, tout le monde !', 'Kasano, Yuichi', 'Lécole des loisirs', 331, 3);
INSERT INTO public.book (bookid, bookname, author, editeurs, nbpage, dispo) VALUES (131, ' Mer bleue', 'Kalan, Robert', 'Kaléidoscope', 367, 3);
INSERT INTO public.book (bookid, bookname, author, editeurs, nbpage, dispo) VALUES (130, ' Où est Maman Ourse ?', 'Jonas, Ann', 'Didier jeunesse', 430, 3);
INSERT INTO public.book (bookid, bookname, author, editeurs, nbpage, dispo) VALUES (94, ' Zoo logique', 'Jolivet, Joëlle', 'Seuil jeunesse', 420, 3);
INSERT INTO public.book (bookid, bookname, author, editeurs, nbpage, dispo) VALUES (170, ' Nénette la grenouille verte', 'Janvier, Cédric', 'Balivernes', 384, 3);
INSERT INTO public.book (bookid, bookname, author, editeurs, nbpage, dispo) VALUES (221, ' Le cinquième', 'Jandl, Ernst', 'Lécole des loisirs', 331, 3);
INSERT INTO public.book (bookid, bookname, author, editeurs, nbpage, dispo) VALUES (129, ' Juste un petit bout !', 'Jadoul, Émile', 'Lécole des loisirs', 325, 3);
INSERT INTO public.book (bookid, bookname, author, editeurs, nbpage, dispo) VALUES (128, ' La pomme rouge', 'Iwamura, Kazuo', 'Lécole des loisirs', 438, 3);
INSERT INTO public.book (bookid, bookname, author, editeurs, nbpage, dispo) VALUES (10, ' Ohé ! Les comptines du monde entier !', 'Ivanovitch-Lair, Albena (réunies par)', 'Rue du monde ', 257, 3);
INSERT INTO public.book (bookid, bookname, author, editeurs, nbpage, dispo) VALUES (127, ' Tout va bien Merlin !', 'Houdart, Emmanuelle', 'Thierry Magnier', 405, 3);
INSERT INTO public.book (bookid, bookname, author, editeurs, nbpage, dispo) VALUES (9, ' Blanc, le petit chaton - version française (kamishibaï)', 'Horio, Seishi', 'Dôshinsha', 273, 3);
INSERT INTO public.book (bookid, bookname, author, editeurs, nbpage, dispo) VALUES (169, ' De la petite taupe qui voulait savoir qui lui avait fait sur la tête', 'Holzwarth, Werner', 'Milan jeunesse', 238, 3);
INSERT INTO public.book (bookid, bookname, author, editeurs, nbpage, dispo) VALUES (93, ' Regarde bien', 'Hoban, Tana', 'Kaléidoscope', 420, 3);
INSERT INTO public.book (bookid, bookname, author, editeurs, nbpage, dispo) VALUES (45, ' Chuuut! ', 'Ho, Minfong', 'Flammarion - Père-Castor', 305, 3);
INSERT INTO public.book (bookid, bookname, author, editeurs, nbpage, dispo) VALUES (8, ' Comptines pour doigts et menottes (avec Cédé)', 'Hion, Monique', 'Actes Sud junior', 117, 3);
INSERT INTO public.book (bookid, bookname, author, editeurs, nbpage, dispo) VALUES (92, ' Où est Spot, mon petit chien ?', 'Hill, Éric', 'Nathan', 213, 3);
INSERT INTO public.usertable (userid, pseudo, password, gender, mail, role, salt, delete) VALUES (112, 'Crashtest', 'ADIF+ba6x46Bd/PCC9VKz8ZY03ACCJIeG39MwZl134w=', true, 'testmynewnew@gmail.com', 1, 'zsV23grmLo2I3l3ikj8KAO4j7kbGHp', true);
INSERT INTO public.usertable (userid, pseudo, password, gender, mail, role, salt, delete) VALUES (108, 'Protected', 'pdzpn0PwwN/64ZNXaqsmz4K7QQm9ne9vJa9Nebjc+70=', true, 'max.leboiteux@gmail.com', 3, 'vKxRfKy95bAkLqk8nFAo1jqybG9x25', false);
INSERT INTO public.usertable (userid, pseudo, password, gender, mail, role, salt, delete) VALUES (124, 'testeut', 'ujK10OGQrRDdf/cwiYMYJFIeiLofA9j+5Uqn0chIrNM=', true, 'max.lb@laposte.ne', 1, 'ctqqDBtz8Oel16OwvsUECVbymTfZCq', false);
INSERT INTO public.usertable (userid, pseudo, password, gender, mail, role, salt, delete) VALUES (178, 'Employé', 'A4aY5eAefm44R5LfWCDlsS3w1x36VPHskGMZpM3Z8AM=', false, 'max.test@', 2, '4kbUUm13Y172M4cG1BeH9DhGIRkDsc', false);
INSERT INTO public.usertable (userid, pseudo, password, gender, mail, role, salt, delete) VALUES (126, 'Testeur', '87L9qp5xdmP/BMIsYngldzyNjNZZr5GfPFAjG46mXkY=', false, 'max.leboiteux@gmail', 2, '92rkB4o4GIC9hT5xpskGztkSASveig', true);
INSERT INTO public.usertable (userid, pseudo, password, gender, mail, role, salt, delete) VALUES (181, 'HelloWorld', 'Ra4iVVbn25z/PfN8D5NRXMvuCfth67IoCmm1tHeq4Lo=', true, 'hello@hotmail.com', 1, 'AAChaMVZrjT6q0wuS2IAoUkj9oRUhm', false);
INSERT INTO public.usertable (userid, pseudo, password, gender, mail, role, salt, delete) VALUES (182, 'TestCreateRole', 'k7zM1/HxTVIeFIy4ZnpiHw3J5m8pfBuVbdRwKbBmgKY=', true, 'max.lb@laposte.ne', 1, 'ZR5RZkio8CKdFLxu8yqSFMHL5afJfC', false);
INSERT INTO public.usertable (userid, pseudo, password, gender, mail, role, salt, delete) VALUES (183, 'Test', 'n64s0LH42/EoMJKnYRKetxdGz3ulwvF3BH3Q2d6RgNQ=', false, 'max.leboiteux@gmail.co', 2, 'pfC5JN2xWGahQMUko7V0rzuHPx6EgK', true);
INSERT INTO public.rentbook (rentid, user_id, book_id, reload, returnbook, create_at, end_at) VALUES (110, 108, 249, false, false, '2018-09-07', '2018-09-08');
INSERT INTO public.rentbook (rentid, user_id, book_id, reload, returnbook, create_at, end_at) VALUES (111, 108, 195, false, false, '2018-09-07', '2018-09-08');
INSERT INTO public.rentbook (rentid, user_id, book_id, reload, returnbook, create_at, end_at) VALUES (114, 112, 145, false, true, '2018-09-11', '2018-10-11');
INSERT INTO public.rentbook (rentid, user_id, book_id, reload, returnbook, create_at, end_at) VALUES (113, 112, 69, true, true, '2018-09-11', '2018-11-14');
INSERT INTO public.rentbook (rentid, user_id, book_id, reload, returnbook, create_at, end_at) VALUES (115, 108, 145, false, false, '2018-09-13', '2018-10-13');
INSERT INTO public.rentbook (rentid, user_id, book_id, reload, returnbook, create_at, end_at) VALUES (117, 108, 248, true, true, '2018-09-15', '2018-11-15');
INSERT INTO public.rentbook (rentid, user_id, book_id, reload, returnbook, create_at, end_at) VALUES (116, 108, 69, false, true, '2018-09-15', '2018-10-15');
INSERT INTO public.rentbook (rentid, user_id, book_id, reload, returnbook, create_at, end_at) VALUES (119, 108, 248, false, true, '2018-09-15', '2018-10-18');
INSERT INTO public.rentbook (rentid, user_id, book_id, reload, returnbook, create_at, end_at) VALUES (120, 108, 69, true, true, '2018-09-15', '2018-11-16');
INSERT INTO public.rentbook (rentid, user_id, book_id, reload, returnbook, create_at, end_at) VALUES (122, 121, 248, false, false, '2018-09-15', '2018-10-15');
INSERT INTO public.rentbook (rentid, user_id, book_id, reload, returnbook, create_at, end_at) VALUES (123, 108, 247, false, true, '2018-10-05', '2018-11-06');
INSERT INTO public.rentbook (rentid, user_id, book_id, reload, returnbook, create_at, end_at) VALUES (125, 124, 68, true, true, '2018-10-05', '2018-12-06');
INSERT INTO public.rentbook (rentid, user_id, book_id, reload, returnbook, create_at, end_at) VALUES (127, 126, 194, true, true, '2018-10-05', '2018-12-06');
INSERT INTO public.rentbook (rentid, user_id, book_id, reload, returnbook, create_at, end_at) VALUES (171, 108, 189, false, true, '2018-11-14', '2018-12-14');
INSERT INTO public.rentbook (rentid, user_id, book_id, reload, returnbook, create_at, end_at) VALUES (169, 108, 107, false, true, '2018-11-14', '2018-12-14');
INSERT INTO public.rentbook (rentid, user_id, book_id, reload, returnbook, create_at, end_at) VALUES (168, 108, 107, false, true, '2018-11-14', '2018-12-14');
INSERT INTO public.rentbook (rentid, user_id, book_id, reload, returnbook, create_at, end_at) VALUES (175, 108, 237, false, true, '2018-11-14', '2018-12-14');
INSERT INTO public.rentbook (rentid, user_id, book_id, reload, returnbook, create_at, end_at) VALUES (174, 108, 61, false, true, '2018-11-14', '2018-12-14');
INSERT INTO public.rentbook (rentid, user_id, book_id, reload, returnbook, create_at, end_at) VALUES (176, 108, 61, true, true, '2018-11-14', '2019-01-14');
INSERT INTO public.rentbook (rentid, user_id, book_id, reload, returnbook, create_at, end_at) VALUES (180, 108, 139, false, true, '2018-11-16', '2018-12-16');
INSERT INTO public.rentbook (rentid, user_id, book_id, reload, returnbook, create_at, end_at) VALUES (179, 108, 60, false, true, '2018-11-16', '2018-12-16');
INSERT INTO public.shoppinglist (id, idusershop, dispo, idbookshop, idpannier, create_at, end_at) VALUES (148, 108, false, 111, '0000000108/2018-11-14/2', '2018-11-14 02:03:23.968', '2018-11-14 02:03:23.968');
INSERT INTO public.shoppinglist (id, idusershop, dispo, idbookshop, idpannier, create_at, end_at) VALUES (153, 108, false, 65, '0000000108/2018-11-14/2', '2018-11-14 02:25:01.9', '2018-11-14 04:25:01.903');
INSERT INTO public.shoppinglist (id, idusershop, dispo, idbookshop, idpannier, create_at, end_at) VALUES (149, 108, false, 111, '0000000108/2018-11-14/2', '2018-11-14 02:16:52.075', '2018-11-14 02:16:52.075');
INSERT INTO public.shoppinglist (id, idusershop, dispo, idbookshop, idpannier, create_at, end_at) VALUES (154, 108, false, 239, '0000000108/2018-11-14/2', '2018-11-14 02:26:16.006', '2018-11-14 04:26:16.008');
INSERT INTO public.shoppinglist (id, idusershop, dispo, idbookshop, idpannier, create_at, end_at) VALUES (150, 108, false, 189, '0000000108/2018-11-14/2', '2018-11-14 02:16:57.089', '2018-11-14 02:16:57.089');
INSERT INTO public.shoppinglist (id, idusershop, dispo, idbookshop, idpannier, create_at, end_at) VALUES (155, 108, false, 110, '0000000108/2018-11-14/10', '2018-11-14 10:50:13.582', '2018-11-14 10:50:13.582');
INSERT INTO public.shoppinglist (id, idusershop, dispo, idbookshop, idpannier, create_at, end_at) VALUES (158, 108, false, 109, '0000000108/2018-11-14/10', '2018-11-14 10:53:58.386', '2018-11-14 10:53:58.386');
INSERT INTO public.shoppinglist (id, idusershop, dispo, idbookshop, idpannier, create_at, end_at) VALUES (157, 108, false, 109, '0000000108/2018-11-14/10', '2018-11-14 10:53:58.386', '2018-11-14 10:53:58.386');
INSERT INTO public.shoppinglist (id, idusershop, dispo, idbookshop, idpannier, create_at, end_at) VALUES (159, 108, false, 141, '0000000108/2018-11-14/10', '2018-11-14 10:57:53.677', '2018-11-14 10:57:53.677');
INSERT INTO public.shoppinglist (id, idusershop, dispo, idbookshop, idpannier, create_at, end_at) VALUES (160, 108, false, 63, '0000000108/2018-11-14/11', '2018-11-14 11:03:05.052', '2018-11-14 11:03:05.052');
INSERT INTO public.shoppinglist (id, idusershop, dispo, idbookshop, idpannier, create_at, end_at) VALUES (156, 108, false, 64, '0000000108/2018-11-14/10', '2018-11-14 10:51:29.317', '2018-11-14 10:51:29.317');
INSERT INTO public.shoppinglist (id, idusershop, dispo, idbookshop, idpannier, create_at, end_at) VALUES (163, 108, false, 17, '0000000108/2018-11-14/12', '2018-11-14 12:46:08.508', '2018-11-14 12:46:08.508');
INSERT INTO public.shoppinglist (id, idusershop, dispo, idbookshop, idpannier, create_at, end_at) VALUES (162, 108, false, 187, '0000000108/2018-11-14/12', '2018-11-14 12:30:13.453', '2018-11-14 12:30:13.453');
INSERT INTO public.shoppinglist (id, idusershop, dispo, idbookshop, idpannier, create_at, end_at) VALUES (161, 108, false, 140, '0000000108/2018-11-14/12', '2018-11-14 12:30:11.184', '2018-11-14 12:30:11.184');
INSERT INTO public.shoppinglist (id, idusershop, dispo, idbookshop, idpannier, create_at, end_at) VALUES (165, 108, false, 108, '0000000108/2018-11-14/13', '2018-11-14 13:08:23.277', '2018-11-14 13:08:23.277');
INSERT INTO public.shoppinglist (id, idusershop, dispo, idbookshop, idpannier, create_at, end_at) VALUES (177, 108, false, 186, '0000000108/2018-11-14/14', '2018-11-14 14:35:16.774', '2018-11-14 14:35:16.774');
INSERT INTO public.shoppinglist (id, idusershop, dispo, idbookshop, idpannier, create_at, end_at) VALUES (164, 108, false, 238, '0000000108/2018-11-14/13', '2018-11-14 13:08:20.767', '2018-11-14 13:08:20.767');
INSERT INTO public.shoppinglist (id, idusershop, dispo, idbookshop, idpannier, create_at, end_at) VALUES (166, 108, false, 62, '0000000108/2018-11-14/13', '2018-11-14 13:08:35.894', '2018-11-14 13:08:35.894');
INSERT INTO public.shoppinglist (id, idusershop, dispo, idbookshop, idpannier, create_at, end_at) VALUES (167, 108, false, 107, '0000000108/2018-11-14/13', '2018-11-14 13:36:40.273', '2018-11-14 13:36:40.273');
INSERT INTO public.shoppinglist (id, idusershop, dispo, idbookshop, idpannier, create_at, end_at) VALUES (170, 108, false, 189, '0000000108/2018-11-14/13', '2018-11-14 13:48:10.146', '2018-11-14 13:48:10.146');
INSERT INTO public.shoppinglist (id, idusershop, dispo, idbookshop, idpannier, create_at, end_at) VALUES (173, 108, false, 237, '0000000108/2018-11-14/14', '2018-11-14 14:15:37.418', '2018-11-14 14:15:37.418');
INSERT INTO public.shoppinglist (id, idusershop, dispo, idbookshop, idpannier, create_at, end_at) VALUES (172, 108, false, 61, '0000000108/2018-11-14/14', '2018-11-14 14:15:34.986', '2018-11-14 14:15:34.986');
INSERT INTO public.shoppinglist (id, idusershop, dispo, idbookshop, idpannier, create_at, end_at) VALUES (151, 108, false, 188, '0000000108/2018-11-14/2', '2018-11-14 02:20:56.722', '2018-11-14 04:20:56.725');